{
    "train_loss": [
        7064.278723675272,
        6732.814234584798,
        6671.302844269501,
        6632.863782019262,
        6609.282744814977,
        6593.065721906969,
        6581.94678858296,
        6576.662722536365,
        6571.27084374001,
        6566.7113858196135,
        6562.953353530611,
        6560.051313239291,
        6556.910092561141,
        6554.133839014546,
        6552.209859784607,
        6549.686449758232,
        6547.490646479379,
        6546.691843330403,
        6543.61584254116,
        6541.979272398497,
        6540.210269391384,
        6539.037844918877,
        6537.178880774457,
        6535.153955952286,
        6523.944222296595,
        6521.687275215792,
        6520.589793797954,
        6519.66965088515,
        6519.250483286045,
        6517.846456152094,
        6516.395158148178,
        6515.805289422155,
        6514.583206371883,
        6507.620383182145,
        6505.840645480339,
        6504.891987442055,
        6504.206537973545,
        6503.931073669278,
        6502.89483470868,
        6502.539502078005,
        6498.270871213635,
        6497.566071571292,
        6497.12936206242,
        6496.8416932245045,
        6496.145050751279,
        6495.793482007273,
        6493.393038932625,
        6492.865681445812,
        6492.621749370604,
        6492.797847816097
    ],
    "train_recon": [
        0.5701128136166527,
        0.5421961041362694,
        0.5378803145854979,
        0.535333114664268,
        0.5339176766098003,
        0.532892740595981,
        0.5321594565115926,
        0.5318030893345318,
        0.5314156911562166,
        0.5311005537772118,
        0.5308287991282276,
        0.5306059024522981,
        0.5303560294153745,
        0.5301398602897859,
        0.5299808782384828,
        0.5297774939280947,
        0.5296059958160381,
        0.5295368605257605,
        0.5292872115779106,
        0.5291524201707767,
        0.5290046405914189,
        0.5289117433226017,
        0.5287648375381899,
        0.5285997672763931,
        0.5277323038376811,
        0.5275603944383314,
        0.5274693386633987,
        0.5273906215072592,
        0.5273566066151689,
        0.5272394630610181,
        0.5271199412662965,
        0.5270640636648973,
        0.5269640508820029,
        0.5264123502899619,
        0.526267150021575,
        0.5261930713568197,
        0.5261380135860589,
        0.5261091062479921,
        0.5260207589782412,
        0.525989817383954,
        0.5256454193073771,
        0.5255886445874753,
        0.5255544357897376,
        0.525527911875254,
        0.5254726568451318,
        0.5254406159186302,
        0.5252458283968289,
        0.5252006621007115,
        0.5251779490724549,
        0.5251890228837347
    ],
    "train_kl": [
        58.73246241408541,
        70.3084911629367,
        61.8295255597595,
        54.69046748324733,
        48.50234954131534,
        44.87972285863383,
        42.77139292958447,
        41.8663509690853,
        41.2348209585985,
        40.54778831267296,
        40.129050203601416,
        39.96598465668271,
        39.895191690196164,
        39.77523557853211,
        39.80481721921955,
        39.78058529631866,
        39.69216079907039,
        39.742904204541766,
        39.73459097430529,
        39.75432316421548,
        39.80125196998382,
        39.77036362474837,
        39.7165869690878,
        39.72002540646916,
        39.16967855390075,
        39.025159557762045,
        39.04656347289415,
        39.09368213546246,
        39.092504769639895,
        39.127924126432376,
        39.145312560488804,
        39.242079761631956,
        39.24892618711037,
        39.06542744356043,
        39.06990894210308,
        39.031521555712764,
        39.02262874515465,
        39.102374279285634,
        39.151749632852464,
        39.176620005341746,
        39.139957847497655,
        39.132812568293815,
        39.11643634610774,
        39.15473417004051,
        39.13702678436513,
        39.17920959940957,
        39.172282948213464,
        39.199954206071546,
        39.23510993898982,
        39.27511793756119
    ],
    "val_loss": [
        6850.025744628906,
        6727.873034667969,
        6670.370263671875,
        6631.640368652344,
        6610.6011962890625,
        6613.29248046875,
        6591.237048339844,
        6602.686486816407,
        6590.310498046875,
        6598.93291015625,
        6577.757788085937,
        6579.206579589843,
        6574.252478027343,
        6570.931506347656,
        6575.888366699219,
        6576.442578125,
        6577.2008056640625,
        6568.511401367187,
        6572.945983886719,
        6574.280053710938,
        6569.98359375,
        6569.214807128907,
        6568.2404296875,
        6568.549145507813,
        6561.4573974609375,
        6560.541027832031,
        6558.380676269531,
        6564.085534667969,
        6562.413171386719,
        6561.932067871094,
        6573.149475097656,
        6563.622290039062,
        6568.585717773438,
        6557.4171875,
        6557.8641357421875,
        6558.813513183593,
        6557.441845703125,
        6558.505603027344,
        6559.607556152344,
        6559.360998535156,
        6557.35732421875,
        6557.447326660156,
        6558.002856445312,
        6558.750048828125,
        6559.363208007812,
        6559.111413574219,
        6557.227648925781,
        6558.873278808594,
        6557.596911621094,
        6557.741162109375
    ],
    "val_recon": [
        0.5514409989118576,
        0.5423215895891189,
        0.5383350878953934,
        0.5353323489427566,
        0.5342408165335655,
        0.5346786215901375,
        0.5329065561294556,
        0.5339405611157417,
        0.5328684374690056,
        0.5336721733212471,
        0.5320530846714974,
        0.5320594385266304,
        0.5318256556987763,
        0.531552192568779,
        0.5319662690162659,
        0.5320068269968032,
        0.5320051833987236,
        0.531288529932499,
        0.5317365020513535,
        0.5317832171916962,
        0.5314484342932702,
        0.5313726469874382,
        0.5313747271895408,
        0.5313427463173866,
        0.5308006167411804,
        0.5307420819997788,
        0.5305721372365951,
        0.5310295075178146,
        0.5308767855167389,
        0.530837744474411,
        0.5317176178097724,
        0.5309561565518379,
        0.5313873991370202,
        0.5304943084716797,
        0.530531470477581,
        0.5306118205189705,
        0.5304955512285232,
        0.5305637404322624,
        0.530663225054741,
        0.5306516394019127,
        0.5305052489042282,
        0.5304869100451469,
        0.5305484235286713,
        0.5306037247180939,
        0.5306349843740463,
        0.5306051328778267,
        0.5304539158940316,
        0.5305761992931366,
        0.530497570335865,
        0.5305047079920768
    ],