{
    "train_loss": [
        6948.8199116348305,
        6614.559562819693,
        6521.045698629316,
        6474.187171565297,
        6446.6141279371805,
        6427.648012907609,
        6413.407396399457,
        6401.820472346547,
        6395.335707720588,
        6389.861587875639,
        6383.3839351722345,
        6378.600474794198,
        6375.394674862132,
        6371.549209009351,
        6367.482815247363,
        6365.7464309263105,
        6362.082455842391,
        6358.576367936781,
        6356.712670835997,
        6355.186913063459,
        6352.755207500799,
        6350.835556615649,
        6349.662626378677,
        6347.625688089434,
        6345.411883341992,
        6344.205434033328,
        6343.176574238731,
        6341.830106847427,
        6342.128045826007,
        6338.878577815297,
        6337.278130494725,
        6336.164223595349,
        6335.105057894421,
        6332.74832910406,
        6332.156416090553,
        6331.701224324648,
        6330.727780081123,
        6329.292607846467,
        6328.523584858536,
        6327.164790551071,
        6326.582127407689,
        6325.481149346627,
        6324.587025205802,
        6323.303788363171,
        6322.263829223945,
        6321.406319932865,
        6321.068885120285,
        6321.076777543558,
        6319.906403602542,
        6318.484064048514
    ],
    "train_recon": [
        0.5599420285590774,
        0.5318734720539864,
        0.5243030286506009,
        0.5205783176300166,
        0.5184936916736691,
        0.5169969755212974,
        0.5158399395320726,
        0.5148989696941717,
        0.5143577974013356,
        0.5138650410772895,
        0.5133241025535652,
        0.5129236819036781,
        0.5126057592651728,
        0.5122504870757423,
        0.5118935060165727,
        0.5117297546790384,
        0.5114214748830137,
        0.511103142710293,
        0.5109234642799553,
        0.5107862266433209,
        0.5105785533900151,
        0.5104066513840805,
        0.5102862804137227,
        0.5101106620353201,
        0.5099132157805021,
        0.5097960899857914,
        0.5096921490891205,
        0.5095728308800846,
        0.509585625146661,
        0.5093137464864784,
        0.5091743274113102,
        0.5090691931259906,
        0.5089732740083923,
        0.5087703238515293,
        0.5087187830596933,
        0.5086733260575462,
        0.5085880494178714,
        0.5084638206855111,
        0.5083945491124907,
        0.5082667896052455,
        0.5082152015565301,
        0.5081124527527549,
        0.5080333195836343,
        0.5079088356641247,
        0.5078229746397804,
        0.5077486148728129,
        0.5077142445632564,
        0.507711495584844,
        0.507610963052496,
        0.5074883242854682
    ],
    "train_kl": [
        68.25227946332653,
        78.89832542009671,
        78.41007537061296,
        77.32080374715274,
        75.36364049496858,
        74.78918217027278,
        74.7662123463038,
        74.74194047152234,
        74.90708515528218,
        75.48796830823659,
        75.65736435990199,
        75.79427558137938,
        76.49511191912015,
        77.01522220309128,
        77.33540599852267,
        77.61120738153872,
        77.73536584566317,
        78.14093887836427,
        78.48514970550147,
        78.64575324095118,
        78.76593755151305,
        78.95861147126884,
        79.2647991521889,
        79.3858715164692,
        79.59828759703186,
        79.83108456116503,
        80.0794377241598,
        80.19916278809842,
        80.33987274560172,
        80.43126543830422,
        80.54400318662833,
        80.7219523554263,
        80.84147327940177,
        80.9786048167197,
        81.02001527752108,
        81.12339651980973,
        81.19782897090668,
        81.28919017040516,
        81.37135607629176,
        81.58247145240568,
        81.63373216399756,
        81.79532430117088,
        81.8736034110379,
        82.12002050297339,
        82.13512100649002,
        82.19137102990504,
        82.27622509734405,
        82.3179010454651,
        82.38290079414388,
        82.46754414590119
    ],
    "val_loss": [
        6702.333361816406,
        6569.943579101562,
        6507.406628417969,
        6466.327880859375,
        6447.342150878906,
        6430.399304199219,
        6438.80390625,
        6413.524670410156,
        6410.5634765625,
        6401.911669921875,
        6402.585302734375,
        6395.34755859375,
        6421.803454589844,
        6388.429357910156,
        6385.171374511719,
        6387.427770996093,
        6382.227453613281,
        6380.796496582031,
        6394.691760253906,
        6390.131323242187,
        6377.199401855469,
        6377.774084472656,
        6371.341027832032,
        6376.353796386718,
        6373.6888427734375,
        6373.370849609375,
        6370.473083496094,
        6381.2099609375,
        6369.793103027344,
        6364.469396972656,
        6369.612243652344,
        6364.687670898437,
        6367.247717285156,
        6363.387890625,
        6362.214819335937,
        6365.852514648437,
        6362.672985839844,
        6361.661669921875,
        6362.302282714843,
        6361.581115722656,
        6360.150354003907,
        6360.0375,
        6364.291247558594,
        6360.027575683594,
        6358.667944335937,
        6361.249487304687,
        6356.646630859375,
        6363.533337402344,
        6362.13720703125,
        6358.144360351563
    ],
    "val_recon": [
        0.5391563013195991,
        0.5278972879052162,
        0.5232180774211883,
        0.520086231827736,
        0.5186673358082772,
        0.5171760499477387,
        0.5179338753223419,
        0.5158026449382305,
        0.5155884116888046,
        0.5148729845881462,
        0.5149949625134468,
        0.5142934083938598,
        0.5165557287633419,
        0.5136921286582947,
        0.513394708186388,
        0.5134844288229943,
        0.5130889736115932,
        0.5127633720636368,
        0.5137518227100373,
        0.5136320360004902,
        0.5125179700553417,
        0.5127005524933338,
        0.5120539538562298,
        0.5124644704163075,
        0.5120992071926593,
        0.5122183933854103,
        0.5119720295071601,
        0.5127795726060868,
        0.5118491441011429,
        0.5114128798246383,
        0.5117449074983597,
        0.511320886015892,
        0.5116470493376255,
        0.5111905127763748,
        0.5112186327576638,
        0.511403588950634,
        0.5112004965543747,
        0.5110673420131207,
        0.5110973179340362,
        0.5111559338867664,
        0.5108868710696697,
        0.5110338941216469,
        0.5112634845077991,
        0.5108555361628533,
        0.5108040787279606,
        0.5110230691730976,
        0.5106069162487984,
        0.5111713878810406,
        0.5110291689634323,
        0.5106552802026272
    ],