{
    "train_loss": [
        7689.273436251199,
        7383.946664951646,
        7222.716291110534,
        7193.548313618926,
        7183.736284416959,
        7178.34633252078,
        7172.3082141144505,
        7169.142429517663,
        7165.3970176130915,
        7164.839511568894,
        7163.766109534847,
        7159.992745714115,
        7157.987841671995,
        7157.683266564099,
        7155.22446826047,
        7154.05768212516,
        7153.052803059063,
        7152.732887677829,
        7150.574896849025,
        7150.148140285326,
        7149.675319193574,
        7149.303674722267,
        7147.4688586457005,
        7104.346258841512,
        7083.938706341912,
        7066.256704813379,
        7004.786793428309,
        6987.336072370525,
        6983.117408537803,
        6981.272779381793,
        6978.548794407369,
        6977.780877857257,
        6975.2223615329285,
        6974.203660735694,
        6971.782403892264,
        6971.774377847267,
        6970.059025835199,
        6969.1195752078,
        6966.3650408108215,
        6962.824539691896,
        6950.463934622762,
        6930.069760529891,
        6925.3258721627235,
        6920.246283567775,
        6913.052595758072,
        6908.023015405211,
        6904.28871533328,
        6902.015990898737,
        6900.69332690617,
        6898.6031097646255
    ],
    "train_recon": [
        0.6216979616743219,
        0.5957641837846898,
        0.5819568813914229,
        0.57963321458958,
        0.578788038867209,
        0.5783275076190529,
        0.5778172584750768,
        0.5775486180544509,
        0.5772229859896023,
        0.5771105030308599,
        0.5770069450673545,
        0.5766650822461413,
        0.5765123978600173,
        0.5764625144126775,
        0.5762633091348517,
        0.576150311990772,
        0.5760576446038073,
        0.5760170079558097,
        0.5758156659048231,
        0.5757849147862486,
        0.5757338990030996,
        0.5756602493088568,
        0.5755035796433764,
        0.570873977125758,
        0.5689484187404213,
        0.5676217126419477,
        0.5623621304931543,
        0.5608376220364095,
        0.5604413240157124,
        0.5602395561954859,
        0.5599829191746919,
        0.559906402359838,
        0.5596536100672944,
        0.5595621802008061,
        0.5593596341664834,
        0.5593075677561943,
        0.559163791291854,
        0.5590099946922048,
        0.5587297347195618,
        0.558322877072922,
        0.5573860884017652,
        0.5552030376461156,
        0.5546722389243143,
        0.5541459238132858,
        0.5534222755590668,
        0.5529748491009178,
        0.552682719877004,
        0.5525114838119662,
        0.5524160650075244,
        0.5522606438383117
    ],
    "train_kl": [
        4.9848881941908,
        6.31963759980848,
        7.163013804599148,
        7.1015363056641405,
        7.158886868020763,
        7.185792121740863,
        7.208974635814462,
        7.2225023230628285,
        7.248097308761324,
        7.330562350085325,
        7.350475927143146,
        7.393219320975301,
        7.380347212867054,
        7.411188190245567,
        7.410091847714866,
        7.432264325563865,
        7.445645778685274,
        7.463589121923422,
        7.495200553513549,
        7.4903088786717875,
        7.505716421415129,
        7.559055190561982,
        7.568088992477378,
        8.944680271246245,
        9.27005479280906,
        9.132110693265714,
        9.44809389724146,
        9.57633887044609,
        9.641442362304844,
        9.704912092984484,
        9.74786865009981,
        9.765102069396193,
        9.81987829281546,
        9.830358541834995,
        9.837122229359034,
        9.90029864786836,
        9.90543623531566,
        10.000475429817843,
        10.069406511838478,
        10.215301930751947,
        10.130367591253021,
        10.773483669056612,
        10.951338526537961,
        11.090117652093053,
        11.259967513706373,
        11.30680703994868,
        11.292345705544552,
        11.27548827783531,
        11.260472317180975,
        11.24243157964838
    ],
    "val_loss": [
        7534.691564941406,
        7252.522802734375,
        7201.773266601563,
        7190.943347167969,
        7181.053723144531,
        7177.026416015625,
        7175.276293945312,
        7167.854443359375,
        7160.452014160156,
        7159.420971679688,
        7169.219140625,
        7161.816577148437,
        7160.532897949219,
        7157.053161621094,
        7159.584716796875,
        7184.0697021484375,
        7151.721606445312,
        7150.242663574219,
        7148.9564453125,
        7149.875720214844,
        7150.512756347656,
        7153.282556152344,
        7144.925366210938,
        7091.904711914062,
        7078.932116699219,
        7054.929211425781,
        7009.912768554687,
        6991.425183105469,
        6988.246545410157,
        6987.116979980468,
        6989.918933105469,
        6984.43564453125,
        6983.382739257812,
        6984.201220703125,
        6980.5916748046875,
        6979.0018310546875,
        6984.0343017578125,
        6983.857287597656,
        6978.052807617188,
        6968.945947265625,
        6950.044885253907,
        6944.9306640625,
        6939.560375976563,
        6928.903942871094,
        6925.341528320312,
        6924.438708496094,
        6927.597802734375,
        6917.512744140625,
        6913.343176269531,
        6914.560986328125
    ],
    "val_recon": [
        0.608999714255333,
        0.5845109820365906,
        0.5801214784383774,
        0.5792545363306999,
        0.5788335755467415,
        0.5782230943441391,
        0.5780929893255233,
        0.5774147719144821,
        0.5769013419747353,
        0.5765445023775101,
        0.5775781109929085,
        0.5769614815711975,
        0.5770709469914437,
        0.5760962948203087,
        0.5765867531299591,
        0.5786413460969925,
        0.5756639823317528,
        0.5757854014635087,
        0.5758986860513687,
        0.5757975712418556,
        0.5756733670830727,
        0.5756368532776832,
        0.575324048101902,
        0.5696906730532646,
        0.5684701502323151,
        0.5667383566498756,
        0.5626657247543335,
        0.5612200945615768,
        0.5609301090240478,
        0.5607689112424851,
        0.5610936880111694,
        0.5604892522096634,
        0.5603462889790535,
        0.5604066640138626,
        0.5600480869412422,
        0.5599571704864502,
        0.5601995468139649,
        0.5602919906377792,
        0.5595427185297013,
        0.5589127287268638,
        0.557027393579483,
        0.5563282877206802,
        0.555884200334549,
        0.5549269542098045,
        0.5544800952076911,
        0.5544340461492538,
        0.5546417161822319,
        0.5536849915981292,
        0.5535442292690277,
        0.5535054042935371
    ],