{
    "train_loss": [
        6812.883359474904,
        6513.769335188219,
        6449.375859175192,
        6422.948576866208,
        6406.079608575767,
        6394.007882432865,
        6385.559158208121,
        6377.902844519262,
        6374.018030191017,
        6369.051401904172,
        6364.205961027414,
        6362.82051855219,
        6359.820105199009,
        6358.589260559863,
        6354.1995983855495,
        6352.386386568894,
        6349.6772485913525,
        6348.959381493766,
        6347.031560951486,
        6346.189508072251,
        6343.752078005115,
        6342.466455952286,
        6341.0951536524935,
        6338.836434522858,
        6337.283469119645,
        6336.615340523098,
        6336.405432035246,
        6333.424159057305,
        6332.835599074888,
        6330.8875654371805,
        6330.753582810502,
        6329.198414522059,
        6328.252498851103,
        6327.368628616528,
        6325.8665106497765,
        6324.841065077526,
        6323.600702076007,
        6322.486524186781,
        6322.173916789881,
        6320.3198854100065,
        6320.594345678149,
        6320.121828045077,
        6318.427087496004,
        6318.300618905851,
        6308.560601822251,
        6307.01366063579,
        6306.941371283568,
        6306.596557304987,
        6306.395038263267,
        6305.774503976183
    ],
    "train_recon": [
        6750.970389675911,
        6441.304225443574,
        6374.921487871643,
        6347.863419866928,
        6330.324841901775,
        6317.411617347347,
        6308.50725928109,
        6300.381718550192,
        6296.225813219309,
        6291.055594129635,
        6285.945901934143,
        6284.374464264306,
        6281.166940986653,
        6279.538313219309,
        6274.997517383312,
        6273.036065377238,
        6270.160761918558,
        6269.401686880595,
        6267.352665191416,
        6266.400209548833,
        6263.88771654212,
        6262.451111932544,
        6260.9141661504955,
        6258.48595972866,
        6256.831100893142,
        6255.989259061301,
        6255.727863750799,
        6252.573018652094,
        6251.880043907849,
        6249.937457540761,
        6249.704429997203,
        6248.057101432625,
        6247.024527703405,
        6246.146897728181,
        6244.511733735614,
        6243.404989959638,
        6242.023909546835,
        6240.865141963714,
        6240.55263696851,
        6238.655314647938,
        6238.764113950608,
        6238.299604879316,
        6236.5164929167995,
        6236.412808703644,
        6226.400124630355,
        6224.761199248721,
        6224.56763257273,
        6224.115601522539,
        6223.846165181426,
        6223.261737482017
    ],
    "train_kl": [
        61.9129674702959,
        72.46511731550211,
        74.45436720591982,
        75.0851507162499,
        75.75477053747153,
        76.59626666603187,
        77.05189157081077,
        77.52112165680322,
        77.79221980102227,
        77.9958093550504,
        78.26005688835593,
        78.44604527310032,
        78.65317431984046,
        79.05095543824804,
        79.20208074857511,
        79.35031685987701,
        79.51649439975124,
        79.55770538408129,
        79.67889113560356,
        79.78929705997867,
        79.86435133599869,
        80.01534762955687,
        80.18100254614944,
        80.3504857797452,
        80.45236777771464,
        80.62607666171725,
        80.67757445040262,
        80.85113217092841,
        80.9555538206759,
        80.95010729153138,
        81.04914910592082,
        81.14131960661516,
        81.22797356725044,
        81.22173631282719,
        81.35476711887837,
        81.43608368388222,
        81.57678702664192,
        81.6213734814578,
        81.62128914835507,
        81.66456886935417,
        81.83023063484055,
        81.82222708777698,
        81.91059855975763,
        81.88781613401135,
        82.16046688928628,
        82.25245282107302,
        82.37372731552709,
        82.48095911908942,
        82.54887345257927,
        82.51276947958085
    ],
    "val_loss": [
        6597.090966796875,
        6500.845385742187,
        6445.640112304687,
        6434.963439941406,
        6410.903967285156,
        6411.935632324219,
        6398.2484130859375,
        6389.379162597656,
        6390.452014160156,
        6388.72919921875,
        6379.971789550781,
        6383.2486572265625,
        6379.618981933594,
        6392.859619140625,
        6375.322644042969,
        6378.485290527344,
        6371.076440429688,
        6373.552478027344,
        6369.742785644531,
        6371.985900878906,
        6376.285510253906,
        6375.670190429688,
        6372.9666748046875,
        6369.858642578125,
        6365.117578125,
        6363.458081054688,
        6370.2013671875,
        6368.902685546875,
        6367.600207519531,
        6364.647216796875,
        6361.5914306640625,
        6366.376196289062,
        6374.204150390625,
        6364.9091796875,
        6374.553466796875,
        6364.310778808594,
        6360.198840332031,
        6357.830505371094,
        6369.795935058593,
        6360.73291015625,
        6359.955249023437,
        6362.303198242187,
        6369.567346191407,
        6364.615808105469,
        6352.706921386719,
        6352.894702148437,
        6354.150952148438,
        6354.492614746094,
        6355.456884765625,
        6353.884838867188
    ],
    "val_recon": [
        6529.4888916015625,
        6424.266821289062,
        6370.840759277344,
        6357.702160644531,
        6332.666613769531,
        6337.598986816406,
        6319.342810058593,
        6311.864074707031,
        6313.118322753906,
        6311.573254394531,
        6302.729150390625,
        6307.050317382813,
        6302.967456054687,
        6312.732458496093,
        6296.079724121094,
        6299.423889160156,
        6290.6490478515625,
        6295.864318847656,
        6289.688586425781,
        6294.588903808593,
        6299.077612304687,
        6297.357189941406,
        6292.440942382813,
        6290.366186523437,
        6286.183251953125,
        6284.7244873046875,
        6291.814025878906,
        6288.007727050781,
        6287.527807617187,
        6283.370910644531,
        6281.165356445313,
        6286.14052734375,
        6294.216870117188,
        6283.230017089843,
        6294.65322265625,
        6281.482409667969,
        6279.33857421875,
        6276.4332275390625,
        6287.253967285156,
        6279.386926269532,
        6278.567321777344,
        6280.406225585937,
        6287.674658203125,
        6282.153527832032,
        6271.01669921875,
        6270.906323242188,
        6272.120336914062,
        6272.339489746094,
        6272.748303222656,
        6272.708056640625
    ],