{
    "train_loss": [
        6808.56160960478,
        6486.843079393782,
        6416.1597766144505,
        6383.330039412164,
        6362.121671944933,
        6345.815373491449,
        6333.31210912524,
        6325.077056026214,
        6318.2066041600065,
        6312.338658637708,
        6308.368572420476,
        6302.872134001359,
        6299.776734335039,
        6296.670968370365,
        6293.211541919757,
        6290.449150065937,
        6287.308312769741,
        6286.101679887308,
        6283.1216856817455,
        6281.168187290202,
        6278.698705492727,
        6276.098180746483,
        6274.15495873961,
        6272.321722396499,
        6269.311383571771,
        6268.763227301791,
        6267.490330532689,
        6265.107003526615,
        6264.994467810901,
        6263.964099464514,
        6262.303346287564,
        6262.315622002877,
        6260.143220008792,
        6259.123662533967,
        6257.620164641944,
        6257.30389576007,
        6256.470830502717,
        6255.749926320732,
        6255.05904956242,
        6253.584853540601,
        6252.129027383711,
        6251.794878166959,
        6251.741943983776,
        6250.244457820492,
        6249.382225563459,
        6249.2312942075605,
        6240.462622132753,
        6239.231983545796,
        6239.178754645541,
        6238.754027383711
    ],
    "train_recon": [
        0.5499433529041612,
        0.5230260084352225,
        0.5173079148125466,
        0.5147520017136088,
        0.5130823217237087,
        0.5117767137639663,
        0.5107551781112886,
        0.5100774341227149,
        0.5095206378670909,
        0.5090306539212346,
        0.5086891535297989,
        0.5082274137250603,
        0.5079610683881414,
        0.5076904578891861,
        0.5073818130718778,
        0.5071431710896894,
        0.5068684955082281,
        0.5067568217854366,
        0.5064971847150027,
        0.5063314418811018,
        0.506123420527524,
        0.5058988092652977,
        0.5057306429919075,
        0.5055777433583194,
        0.5053300606777601,
        0.5052785144742492,
        0.5051623141521688,
        0.5049698434369948,
        0.5049580430893033,
        0.5048665006447326,
        0.50472958153471,
        0.5047273883581771,
        0.5045442643677792,
        0.5044575504329808,
        0.5043268281480541,
        0.5042961069080226,
        0.5042258103180419,
        0.5041615853224264,
        0.5040981236778562,
        0.5039715300435605,
        0.5038514839261389,
        0.5038240210479482,
        0.5038158690837948,
        0.5036870930200953,
        0.5036162323201708,
        0.5036021014461127,
        0.5028819851100902,
        0.5027774540359712,
        0.5027701193871705,
        0.502736165776582
    ],
    "train_kl": [
        101.71536901295947,
        119.79898670323365,
        118.96027944033104,
        116.11491559899372,
        114.73222733519572,
        114.20627336428903,
        114.3049800316696,
        114.4910717156842,
        114.43398124909461,
        114.73993612616263,
        115.19249516557855,
        115.54738328158093,
        115.90223723116434,
        116.34122591921131,
        117.0076586242832,
        117.34777796908718,
        117.8165054321289,
        118.14771284410716,
        118.56856191493667,
        118.73484123210469,
        118.9082312230259,
        119.22722902810177,
        119.47360795355209,
        119.5648102235916,
        119.63120004405145,
        119.80168040634116,
        120.11165131083534,
        120.07512516499786,
        120.1400829032254,
        120.32907818650345,
        120.37251271982022,
        120.45096166664378,
        120.606546231243,
        120.69860923747578,
        120.90418789758706,
        121.02666793393966,
        121.08817644436341,
        121.22475425544602,
        121.40264303300081,
        121.56537144263382,
        121.60396954470583,
        121.61060569353421,
        121.70509246670072,
        121.87489693488001,
        121.89189183071751,
        121.93732946059284,
        122.09754629696117,
        122.20520142460113,
        122.27901653865415,
        122.26403980303908
    ],
    "val_loss": [
        6587.051806640625,
        6451.809411621094,
        6420.7149658203125,
        6388.173791503907,
        6371.164111328125,
        6355.184130859375,
        6343.932055664062,
        6341.517102050781,
        6331.055895996094,
        6332.002331542969,
        6326.523083496094,
        6325.012121582031,
        6320.900634765625,
        6323.130944824219,
        6316.309008789062,
        6322.3333740234375,
        6315.589929199219,
        6307.607995605469,
        6303.435009765625,
        6307.582690429687,
        6305.533520507813,
        6301.42109375,
        6307.446813964843,
        6303.54404296875,
        6297.306311035156,
        6301.2852783203125,
        6290.0228515625,
        6288.355236816406,
        6293.73984375,
        6291.646594238281,
        6287.271520996093,
        6289.717822265625,
        6286.997888183594,
        6285.906213378907,
        6290.73759765625,
        6290.017163085938,
        6286.084765625,
        6287.213940429688,
        6287.339794921875,
        6282.69765625,
        6284.755212402344,
        6283.753857421875,
        6287.242565917969,
        6285.202075195312,
        6284.262390136719,
        6286.303112792969,
        6277.807336425782,
        6279.628686523438,
        6276.5538330078125,
        6276.818505859375
    ],
    "val_recon": [
        0.5314273938536644,
        0.5201157078146934,
        0.5177212722599507,
        0.5151801101863385,
        0.5137128129601478,
        0.5125125795602798,
        0.5116260446608066,
        0.5113440811634063,
        0.5106671810150146,
        0.5106240004301071,
        0.5102223917841912,
        0.5099562659859658,
        0.5095387518405914,
        0.5098120249807835,
        0.5093522638082504,
        0.5096136823296546,
        0.5091868117451668,
        0.5085420295596123,
        0.5081029579043388,
        0.508496580272913,
        0.5082957148551941,
        0.5079206116497517,
        0.5084310047328472,
        0.5079910844564438,
        0.5076070442795754,
        0.5079608231782913,
        0.5070224970579147,
        0.5068538762629032,
        0.5073090121150017,
        0.5071027167141438,
        0.5067882373929024,
        0.5069320440292359,
        0.5067370869219303,
        0.5066269472241401,
        0.5070119090378284,
        0.5070017740130425,
        0.506652171164751,
        0.5067840367555618,
        0.5067759282886982,
        0.5063968762755394,
        0.5065182320773601,
        0.5064557559788228,
        0.5067552842199803,
        0.5065594337880611,
        0.506482195854187,
        0.5067170053720474,
        0.5059063881635666,
        0.5060875758528709,
        0.5058207839727402,
        0.5058495596051216
    ],