{
    "train_loss": [
        6878.310486932544,
        6557.973434253117,
        6478.557879435742,
        6443.6789469609175,
        6421.056117377318,
        6406.05502342751,
        6393.494480298913,
        6387.041914761829,
        6380.182210078325,
        6373.824905590633,
        6370.112216022619,
        6365.315359754635,
        6362.187285206202,
        6360.0892680526695,
        6355.892059872523,
        6354.3515625,
        6351.140341522138,
        6349.882299242727,
        6347.591686980499,
        6345.81732911405,
        6345.159096017823,
        6342.430803928229,
        6341.179140525096,
        6340.4404746443415,
        6336.941272628277,
        6336.924345128677,
        6335.196245354459,
        6332.983610733696,
        6333.313720078724,
        6331.204996952925,
        6330.034595538284,
        6330.149232986333,
        6328.212273717231,
        6326.519662374121,
        6325.287025705323,
        6324.755131323929,
        6323.948978980179,
        6323.296199398577,
        6322.291914761829,
        6321.3256436321135,
        6319.458096477381,
        6319.349410815617,
        6319.084726162883,
        6309.304852341752,
        6308.043997762148,
        6308.115208150176,
        6307.659510619805,
        6306.852384211157,
        6306.655172284607,
        6306.151870454364
    ],
    "train_recon": [
        0.5542114959348499,
        0.5273477008275669,
        0.5208473727678704,
        0.5181369279961452,
        0.5163178881415931,
        0.5151153768572356,
        0.5140526913620932,
        0.5134642118078363,
        0.5128638934906181,
        0.5122791101103243,
        0.5119310214239008,
        0.5115173138925792,
        0.5112466524781474,
        0.5110632742152494,
        0.5106964032820729,
        0.5105446957413803,
        0.510259930130161,
        0.5101404759432654,
        0.5099391438009794,
        0.5097819584257463,
        0.5097192198114322,
        0.509492255613932,
        0.5093785032744298,
        0.5093073100232712,
        0.5090150631907041,
        0.5090007080751306,
        0.5088514199342264,
        0.5086638106561988,
        0.508689536920289,
        0.5085083584651313,
        0.5084087319691163,
        0.5083991315053857,
        0.5082395942619694,
        0.5080878186561263,
        0.5079843391237966,
        0.507922320109804,
        0.5078562043816842,
        0.5077952253239234,
        0.5077055196475495,
        0.5076227467840589,
        0.5074599921093572,
        0.5074519467780657,
        0.5074327008041275,
        0.5066154562603787,
        0.5065087817056709,
        0.506509700851977,
        0.5064650859369342,
        0.5063909209902634,
        0.506374102647957,
        0.5063331643943592
    ],
    "train_kl": [
        68.15962255641323,
        77.92490258180273,
        78.3853411467179,
        76.81239968614506,
        76.541903210418,
        76.31727108382204,
        76.81503092968251,
        77.59369807718964,
        78.11069525599174,
        78.93920463308349,
        79.50382507792519,
        79.79060223279401,
        79.98839621775595,
        80.14376159824069,
        80.45463296641474,
        80.77832852727008,
        81.06632263886044,
        81.27611732970723,
        81.45947856854295,
        81.61660903189188,
        81.7293282433239,
        81.78997110039987,
        81.93608438633287,
        82.07226109809582,
        82.16416353581812,
        82.32365813584583,
        82.43000926142153,
        82.52269822923118,
        82.53668277281935,
        82.65427176238936,
        82.70809431149222,
        82.94071568247607,
        82.96412939671666,
        83.13654824961786,
        83.17549687456292,
        83.40567291728065,
        83.41194773330103,
        83.50846429615069,
        83.60648991811611,
        83.65733665212646,
        83.78972781832566,
        83.77988385056595,
        83.7516958524504,
        84.01414200960828,
        84.06409868011085,
        84.12398468563929,
        84.21651166052465,
        84.32074087781979,
        84.33021410773782,
        84.32993650314448
    ],
    "val_loss": [
        6639.600122070313,
        6523.763696289063,
        6481.722302246094,
        6452.340246582031,
        6422.8853759765625,
        6416.369677734375,
        6403.3099365234375,
        6397.575793457031,
        6398.459289550781,
        6400.86728515625,
        6389.92509765625,
        6393.3337890625,
        6379.957824707031,
        6383.063635253906,
        6374.5516357421875,
        6374.211340332031,
        6378.278759765625,
        6374.541223144532,
        6371.7635498046875,
        6369.549841308593,
        6369.93798828125,
        6368.375927734375,
        6364.165393066406,
        6364.683947753906,
        6370.034692382813,
        6370.428662109375,
        6361.681066894531,
        6360.117297363281,
        6361.076867675782,
        6363.329895019531,
        6361.601110839843,
        6358.638610839844,
        6357.040234375,
        6356.192321777344,
        6361.81201171875,
        6360.961145019532,
        6355.28779296875,
        6360.787670898438,
        6359.839562988282,
        6356.169885253907,
        6355.370666503906,
        6356.120581054687,
        6356.856799316406,
        6348.046350097657,
        6348.350122070313,
        6348.199621582031,
        6348.834924316407,
        6350.436743164062,
        6348.798400878906,
        6348.433459472656
    ],
    "val_recon": [
        0.5340843394398689,
        0.5243428468704223,
        0.52126335054636,
        0.5189346738159657,
        0.5165221184492111,
        0.5157594218850136,
        0.5147909455001354,
        0.5142352566123009,
        0.5143267765641213,
        0.514321518689394,
        0.5135239459574222,
        0.5136473432183266,
        0.5126773104071617,
        0.5126664333045483,
        0.5123851239681244,
        0.5121227480471134,
        0.512671310454607,
        0.5119741126894951,
        0.5118394419550896,
        0.5117879986763001,
        0.5117412276566029,
        0.5115938186645508,
        0.5112756326794624,
        0.5114224076271057,
        0.5117283061146736,
        0.5116979584097863,
        0.5109130218625069,
        0.5109412379562854,
        0.5110135830938816,
        0.51109152212739,
        0.5109205409884453,
        0.5106884352862835,
        0.5106417216360569,
        0.5104521848261356,
        0.5108558535575867,
        0.5108568750321865,
        0.5103860326111317,
        0.5108749322593212,
        0.5108323015272618,
        0.5105203278362751,
        0.5104013428092002,
        0.5105344720184803,
        0.510374204069376,
        0.5098092123866081,
        0.5098413079977036,
        0.5098167352378369,
        0.5098074451088905,
        0.5099631354212761,
        0.509820643812418,
        0.5097888335585594
    ],