{
    "train_loss": [
        7155.537242996723,
        6791.700949588395,
        6725.384880514706,
        6683.024493985774,
        6665.761939787803,
        6650.664818024697,
        6642.433486353101,
        6638.955641334319,
        6634.152027803309,
        6631.5093173053865,
        6629.77826661405,
        6626.263107416879,
        6623.926681635629,
        6622.454296375479,
        6610.108855498721,
        6607.966781889386,
        6607.555649076886,
        6606.762830183025,
        6605.027673433504,
        6604.241370784047,
        6603.8979517163525,
        6602.1572877537565,
        6600.2507243046675,
        6594.051273277653,
        6592.69570337476,
        6592.207830482736,
        6591.5197198189735,
        6590.0625024976025,
        6590.068331901375,
        6589.580500219789,
        6588.463512527973,
        6588.627858505834,
        6587.319569463315,
        6586.872974444534,
        6585.883951406649,
        6582.383490599025,
        6581.305083369964,
        6581.261467740968,
        6580.585506663603,
        6580.2914002557545,
        6579.335028372762,
        6577.492858106218,
        6577.255610863571,
        6576.783185641784,
        6576.541816106538,
        6576.318365619006,
        6575.990381733536,
        6575.590043558184,
        6574.637690317295,
        6574.132141893782
    ],
    "train_recon": [
        0.574915276159106,
        0.5439999745325055,
        0.5387716979321922,
        0.5352366555987111,
        0.5339522291632259,
        0.5328136188599765,
        0.5321439917740005,
        0.5318676968059881,
        0.5314663227866677,
        0.5312193522367941,
        0.5310700488517351,
        0.5307888678272666,
        0.5305769762877003,
        0.5304352009997648,
        0.5294364593218049,
        0.5292402085135964,
        0.5291909680647009,
        0.529127500246248,
        0.5289690650027731,
        0.5288960334590024,
        0.5288576852635044,
        0.5287063077587606,
        0.5285434224416533,
        0.5280238374724717,
        0.5278953104982596,
        0.5278453451898092,
        0.5277882212263239,
        0.5276555777205836,
        0.5276541263246171,
        0.5276024250118324,
        0.5275058359136362,
        0.5275084580606817,
        0.5274005968247533,
        0.527350651028821,
        0.5272816921134129,
        0.5269668004701814,
        0.5268700063381049,
        0.5268587224623736,
        0.5267979879208537,
        0.5267711519585241,
        0.5266915655806851,
        0.526527495335435,
        0.526506578068599,
        0.5264654542174181,
        0.5264340695517752,
        0.5264187610667684,
        0.5263862611387696,
        0.5263549915664946,
        0.5262672802066559,
        0.5262282060845124
    ],
    "train_kl": [
        22.744580657433367,
        26.757318077184966,
        26.239563154137652,
        26.50911346786772,
        26.139241450278046,
        25.86277005617576,
        25.86202960002148,
        25.84134379921057,
        25.873465984373752,
        25.971487245291396,
        25.997376888304416,
        25.98237168880375,
        26.04919926284829,
        26.116628959050875,
        26.098406930713704,
        26.165777221055286,
        26.214259345208287,
        26.211023935576534,
        26.26395449431046,
        26.29173054414637,
        26.3236750483208,
        26.35354320594417,
        26.37728999886671,
        26.423589077142193,
        26.479534807717403,
        26.511057861015924,
        26.51451440113585,
        26.557691442387185,
        26.563606559772932,
        26.600473960037426,
        26.617954580985067,
        26.65098001524006,
        26.6552554274459,
        26.697044177433416,
        26.66162691335849,
        26.753859576056986,
        26.7816094303375,
        26.805367150270115,
        26.822957329128098,
        26.83186711557686,
        26.837264360979084,
        26.880743534058865,
        26.885689635410944,
        26.893923571652465,
        26.92999549046197,
        26.92116027597881,
        26.939002298028267,
        26.934977797291165,
        26.966338013748988,
        26.959984001296256
    ],
    "val_loss": [
        6866.558203125,
        6759.5626220703125,
        6738.29541015625,
        6681.680139160157,
        6671.876281738281,
        6664.757666015625,
        6651.429382324219,
        6646.779272460937,
        6650.264892578125,
        6652.2708740234375,
        6650.95625,
        6696.177270507813,
        6650.465808105469,
        6649.709545898438,
        6632.662451171875,
        6632.604187011719,
        6627.519543457031,
        6629.6702880859375,
        6628.348095703125,
        6627.796154785156,
        6628.664587402343,
        6630.4876953125,
        6633.005065917969,
        6623.770495605469,
        6625.734265136719,
        6623.740222167969,
        6623.564880371094,
        6624.154724121094,
        6622.414038085937,
        6623.780505371094,
        6628.63232421875,
        6627.044934082031,
        6623.4595703125,
        6625.253015136719,
        6625.5789794921875,
        6622.058251953125,
        6621.890563964844,
        6622.589343261719,
        6623.418518066406,
        6623.966540527344,
        6623.049157714844,
        6621.338916015625,
        6621.922692871094,
        6621.893786621094,
        6621.365856933594,
        6622.1650390625,
        6622.48818359375,
        6622.372387695313,
        6621.4564208984375,
        6621.889672851563
    ],
    "val_recon": [
        0.5501966804265976,
        0.5412657722830773,
        0.5397015497088432,
        0.5353775501251221,
        0.5344416692852973,
        0.533861218392849,
        0.5327887147665024,
        0.5324201330542564,
        0.5327966645359993,
        0.5330370083451271,
        0.5328201904892922,
        0.5363737568259239,
        0.5325277537107468,
        0.5325437232851982,
        0.5314193114638328,
        0.5312212407588959,
        0.530817911028862,
        0.5310420602560043,
        0.5309220641851425,
        0.5308755442500115,
        0.5308314248919487,
        0.5310624033212662,
        0.5311258152127266,
        0.5304258748888969,
        0.5306558564305306,
        0.5303764954209328,
        0.5305108621716499,
        0.5304177045822144,
        0.5302974611520768,
        0.5303440183401108,
        0.5307971984148026,
        0.5306964173913002,
        0.5304111361503601,
        0.530523344874382,
        0.5304958492517471,
        0.5302124515175819,
        0.5301635161042213,
        0.530290812253952,
        0.5302622139453887,
        0.5303311839699745,
        0.5303718462586403,
        0.530072794854641,
        0.530152615904808,
        0.5301629155874252,
        0.5300893649458885,
        0.5301976561546325,
        0.5301664248108864,
        0.5302075311541558,
        0.5301497101783752,
        0.5301499187946319
    ],